"key","en","fr","zh","ja","ko","zh_TW","ru","pl","es","pt","de","tr","it"
"MOJI_BTN_OPEN","Replace Items","Remplacer les objets","替换物品","アイテムを置換","아이템 교체","替換物品","Заменить предметы","Zamień przedmioty","Reemplazar objetos","Substituir itens","Items ersetzen","Eşyaları değiştir","Sostituisci oggetti"
"MOJI_SELECTED","Selected: %d","Sélectionné : %d","已选：%d 个","選択中：%d個","선택됨: %d개","已選：%d 個","Выбрано: %d","Wybrano: %d","Seleccionado: %d","Selecionado: %d","Ausgewählt: %d","Seçilen: %d","Selezionato: %d"
"MOJI_CURSE_DLC_REQUIRED","Requires Abyssal Terrors DLC","Requiert le DLC Abyssal Terrors","需要深海魔怪 DLC","Abyssal Terrors DLCが必要","Abyssal Terrors DLC 필요","需要 Abyssal Terrors DLC","Требуется DLC Abyssal Terrors","Wymaga DLC Abyssal Terrors","Requiere el DLC Abyssal Terrors","Requer DLC Abyssal Terrors","Erfordert Abyssal Terrors DLC","Abyssal Terrors DLC gerekli","Richiede DLC Abyssal Terrors"
"MOJI_ADD_TO","Click to add to: %s","Cliquer pour ajouter à : %s","点击添加到：%s","クリックで追加：%s","클릭하여 추가: %s","點擊加入：%s","Добавить в: %s","Dodaj do: %s","Clic para añadir a: %s","Clique para adicionar a: %s","Klicken zum Hinzufügen zu: %s","Eklenecek yer: %s","Clicca per aggiungere a: %s"
"MOJI_EMPTY_POOL","Empty — click items below to add","Vide — cliquez sur les objets ci-dessous","空 —— 点击下方物品添加","空 —— 下のアイテムをクリックして追加","비어 있음 — 아래 아이템을 클릭하여 추가","空 —— 點擊下方物品加入","Пусто — нажмите на предметы ниже","Pusto — kliknij przedmioty poniżej","Vacío — haz clic en los objetos de abajo","Vazio — clique nos itens abaixo","Leer — Items unten anklicken","Boş — aşağıdaki eşyalara tıklayın","Vuoto — clicca sugli oggetti qui sotto"
"MOJI_ALL_ITEMS","All items","Tous les objets","全部物品","全アイテム","모든 아이템","全部物品","Все предметы","Wszystkie przedmioty","Todos los objetos","Todos os itens","Alle Items","Tüm eşyalar","Tutti gli oggetti"
"MOJI_CLEAR","Clear","Effacer","清空","クリア","비우기","清空","Очистить","Wyczyść","Limpiar","Limpar","Leeren","Temizle","Svuota"
"MOJI_OPTIONS","Options","Options","选项","オプション","옵션","選項","Настройки","Ustawienia","Opciones","Opções","Optionen","Ayarlar","Opzioni"
"MOJI_ENABLE","Enable","Activer","启用","有効化","활성화","啟用","Включить","Włącz","Activar","Ativar","Aktivieren","Etkinleştir","Attiva"
"MOJI_REPLACE_STARTING","Starting items","Objets de départ","起始物品","初期アイテム","시작 아이템","起始物品","Стартовые предметы","Przedmioty startowe","Objetos iniciales","Itens iniciais","Start-Items","Başlangıç eşyaları","Oggetti iniziali"
"MOJI_REPLACE_SHOP","All items in shop","Tous les objets de la boutique","所有商店物品","ショップの全アイテム","상점의 모든 아이템","所有商店物品","Все предметы в магазине","Wszystkie przedmioty w sklepie","Todos los objetos de la tienda","Todos os itens da loja","Alle Items im Laden","Dükkândaki tüm eşyalar","Tutti gli oggetti nel negozio"
"MOJI_SHOP_ALWAYS_APPEAR","Shops always sell","Toujours en boutique","商店通常销售","ショップに常に並ぶ","상점 항상 판매","商店固定販賣","Всегда в магазине","Zawsze w ofercie sklepu","Siempre a la venta","Sempre à venda","Immer im Laden","Dükkânda daima satılır","Sempre in vendita"
"MOJI_SHOP_ONCE_PER_WAVE","Sold once per wave","Une fois par vague","每波销售一次","ウェーブごとに1回販売","웨이브당 1회 판매","每波販賣一次","Раз за волну","Raz na falę","Una vez por oleada","Uma vez por onda","Einmal pro Welle","Hücum başına bir kez","Una volta per ondata"
"MOJI_CURSE","Curse","Malédiction","诅咒","呪い","저주","詛咒","Проклятие","Klątwa","Maldición","Maldição","Fluch","Lanet","Maledizione"
"MOJI_POOL_SHOP","Shop","Boutique","商店","ショップ","상점","商店","Магазин","Sklep","Tienda","Loja","Laden","Dükkân","Negozio"
"MOJI_CRATE","Crate","Caisse","箱子","宝箱","상자","箱子","Ящик","Skrzynka","Caja","Caixa","Kiste","Sandık","Cassa"
"MOJI_NOUN_STARTING","starting items","les objets de départ","起始物品","初期アイテム","시작 아이템","起始物品","стартовые предметы","przedmioty startowe","los objetos iniciales","os itens iniciais","Start-Items","başlangıç eşyaları","gli oggetti iniziali"
"MOJI_NOUN_SHOP","all items in shop","tous les objets de la boutique","所有商店物品","ショップの全アイテム","상점의 모든 아이템","所有商店物品","все предметы в магазине","wszystkie przedmioty w sklepie","todos los objetos de la tienda","todos os itens da loja","alle Items im Laden","dükkândaki tüm eşyalar","tutti gli oggetti nel negozio"
"MOJI_LIST_SEP",", ",", ","、","、",", ","、",", ",", ",", ",", ",", ",", ",", "
"MOJI_DESC_REPLACED","%s will be replaced with the following items.","Remplace %s par les objets suivants.","%s被替换为以下物品。","%sは以下のアイテムに置き換えられます。","%s이(가) 다음 아이템으로 교체됩니다.","%s被替換為以下物品。","%s заменяются следующими предметами.","%s zostaną zastąpione następującymi przedmiotami.","%s se reemplazarán por los siguientes objetos.","Substitui %s pelos seguintes itens.","%s werden durch die folgenden Items ersetzt.","%s aşağıdaki eşyalarla değiştirilir.","Sostituisce %s con i seguenti oggetti."
"MOJI_DESC_SHOP_SELLS","Upon each shop reroll, one of the slots is guaranteed to be one of the following items.","À chaque randomisation de la boutique, un des emplacements est garanti d'être l'un des objets suivants.","每次商店刷新时，固定有一个槽位是以下物品之一。","ショップのリロールごとに、枠の1つが必ず以下のアイテムのいずれかになります。","상점을 초기화할 때마다 칸 하나는 반드시 다음 아이템 중 하나입니다.","每次商店重骰時，固定有一個欄位是以下物品之一。","При каждой замене в магазине один из слотов гарантированно занят одним из следующих предметов.","Przy każdej wymianie w sklepie jedno z miejsc zawsze zajmuje jeden z następujących przedmiotów.","Con cada repetición de la tienda, una de las casillas será siempre uno de los siguientes objetos.","A cada renovação da loja, um dos espaços será sempre um dos seguintes itens.","Bei jedem Neuwürfeln im Laden ist ein Platz garantiert eines der folgenden Items.","Dükkân her yenilendiğinde yuvalardan biri daima aşağıdaki eşyalardan biri olur.","A ogni cambio del negozio, uno degli spazi è sempre uno dei seguenti oggetti."
"MOJI_DESC_SHOP_ONCE","Each wave, the shop sells each of the following items once, then goes back to random.","À chaque vague, la boutique vend une fois chacun des objets suivants, puis redevient aléatoire.","每波商店销售以下物品各一次，之后恢复随机。","ウェーブごとに、ショップは以下のアイテムを1回ずつ販売し、その後はランダムに戻ります。","매 웨이브 상점은 다음 아이템을 각각 한 번씩 판매한 뒤 무작위로 돌아갑니다.","每波商店販賣以下物品各一次，之後恢復隨機。","Каждую волну магазин по разу продаёт каждый из следующих предметов, затем снова случайно.","W każdej fali sklep raz oferuje każdy z następujących przedmiotów, potem znów losowo.","En cada oleada, la tienda vende una vez cada uno de los siguientes objetos y luego vuelve a ser aleatoria.","A cada onda, a loja vende uma vez cada um dos seguintes itens e depois volta a ser aleatória.","In jeder Welle verkauft der Laden jedes der folgenden Items einmal, danach wieder zufällig.","Her hücumda dükkân aşağıdaki eşyaların her birini bir kez satar, sonra rastgeleye döner.","A ogni ondata il negozio vende una volta ciascuno dei seguenti oggetti, poi torna casuale."
"MOJI_DESC_NOTHING","Nothing is replaced. Select at least one option above.","Rien n'est remplacé. Sélectionnez au moins une option ci-dessus.","未选择替换对象，请在上方至少选择一项。","置換対象が選択されていません。上で少なくとも1つ選択してください。","교체 대상이 없습니다. 위에서 하나 이상 선택하세요.","未選擇替換對象，請在上方至少選擇一項。","Ничего не заменяется. Выберите хотя бы один вариант выше.","Nic nie jest zamieniane. Wybierz co najmniej jedną opcję powyżej.","No se reemplaza nada. Selecciona al menos una opción arriba.","Nada é substituído. Selecione pelo menos uma opção acima.","Es wird nichts ersetzt. Wähle oben mindestens eine Option.","Hiçbir şey değiştirilmiyor. Yukarıdan en az bir seçenek seçin.","Nulla viene sostituito. Seleziona almeno un'opzione sopra."
"MOJI_CRATE_ONCE_DESC","The first %d crates will be replaced with the following items.","Les %d premières caisses seront remplacées par les objets suivants.","前 %d 个箱子将被替换为以下物品。","最初の %d 個の宝箱が以下のアイテムに置き換えられます。","처음 %d개의 상자가 다음 아이템으로 교체됩니다.","前 %d 個箱子將被替換為以下物品。","Первые ящики (%d) будут заменены следующими предметами.","Pierwsze skrzynki (%d) zostaną zastąpione następującymi przedmiotami.","Las primeras %d cajas se reemplazarán por los siguientes objetos.","As primeiras %d caixas serão substituídas pelos seguintes itens.","Die ersten %d Kisten werden durch die folgenden Items ersetzt.","İlk %d sandık aşağıdaki eşyalarla değiştirilir.","Le prime %d casse verranno sostituite dai seguenti oggetti."
"MOJI_CRATE_SEQUENTIAL_DESC","Crates use the independent replacement pool below.","Les caisses utilisent le groupe de remplacement indépendant ci-dessous.","箱子使用下方的独立替换池。","宝箱は下の独立置換プールを使用します。","상자는 아래의 독립 교체 풀을 사용합니다.","箱子使用下方的獨立替換池。","Ящики используют отдельный пул замены ниже.","Skrzynki używają niezależnej puli zamiany poniżej.","Las cajas usan el grupo de reemplazo independiente de abajo.","As caixas usam o grupo de substituição independente abaixo.","Kisten verwenden den unabhängigen Ersatz-Pool unten.","Sandıklar aşağıdaki bağımsız değişim havuzunu kullanır.","Le casse usano il gruppo di sostituzione indipendente qui sotto."
"MOJI_CRATE_SHOP_DESC","Crates use the shop pool.","Les caisses utilisent le groupe de la boutique.","箱子使用商店的替换池。","宝箱はショップの置換プールを使用します。","상자는 상점의 교체 풀을 사용합니다.","箱子使用商店的替換池。","Ящики используют пул замены магазина.","Skrzynki używają puli zamiany sklepu.","Las cajas usan el grupo de reemplazo de la tienda.","As caixas usam o grupo de substituição da loja.","Kisten verwenden den Ersatz-Pool des Ladens.","Sandıklar dükkânın değişim havuzunu kullanır.","Le casse usano il gruppo di sostituzione del negozio."
"MOJI_CRATE_NONE_DESC","Crates are still generated randomly.","Les caisses restent générées aléatoirement.","箱子仍然随机生成。","宝箱は通常通りランダムに生成されます。","상자는 그대로 무작위로 생성됩니다.","箱子仍然隨機生成。","Ящики по-прежнему генерируются случайно.","Skrzynki są nadal generowane losowo.","Las cajas se siguen generando al azar.","As caixas continuam sendo geradas aleatoriamente.","Kisten werden weiterhin zufällig generiert.","Sandıklar yine rastgele oluşturulur.","Le casse vengono ancora generate casualmente."
"MOJI_LEGENDARY","T4 Crate","Caisse T4","T4箱子","T4 宝箱","T4 상자","T4箱子","Ящик T4","Skrzynka T4","Caja T4","Caixa T4","T4-Kiste","T4 sandığı","Cassa T4"
"MOJI_MODE_NONE","Off","Désactivé","禁用","無効","비활성화","停用","Выкл.","Wył.","Desactivado","Desligado","Aus","Kapalı","Disattivo"
"MOJI_MODE_SHOP","Shop","Boutique","商店","ショップ","상점","商店","Магазин","Sklep","Tienda","Loja","Laden","Dükkân","Negozio"
"MOJI_MODE_SEQUENTIAL","Independent","Indépendant","独立","独立","독립","獨立","Отдельный","Niezależna","Independiente","Independente","Unabhängig","Bağımsız","Indipendente"
"MOJI_MODE_ONCE","One-time","Unique","单次","一回のみ","1회성","單次","Однократно","Jednorazowo","Una vez","Uma vez","Einmalig","Tek seferlik","Una tantum"
"MOJI_LEG_NONE_DESC","T4 crates are still generated randomly.","Les caisses T4 restent générées aléatoirement.","T4箱子仍然随机生成。","T4 宝箱は通常通りランダムに生成されます。","T4 상자는 그대로 무작위로 생성됩니다.","T4箱子仍然隨機生成。","Ящики T4 по-прежнему генерируются случайно.","Skrzynki T4 są nadal generowane losowo.","Las cajas T4 se siguen generando al azar.","As caixas T4 continuam sendo geradas aleatoriamente.","T4-Kisten werden weiterhin zufällig generiert.","T4 sandıkları yine rastgele oluşturulur.","Le casse T4 vengono ancora generate casualmente."
"MOJI_LEG_SHOP_DESC","T4 crates use the shop pool.","Les caisses T4 utilisent le groupe de la boutique.","T4箱子使用商店的替换池。","T4 宝箱はショップの置換プールを使用します。","T4 상자는 상점의 교체 풀을 사용합니다.","T4箱子使用商店的替換池。","Ящики T4 используют пул замены магазина.","Skrzynki T4 używają puli zamiany sklepu.","Las cajas T4 usan el grupo de reemplazo de la tienda.","As caixas T4 usam o grupo de substituição da loja.","T4-Kisten verwenden den Ersatz-Pool des Ladens.","T4 sandıkları dükkânın değişim havuzunu kullanır.","Le casse T4 usano il gruppo di sostituzione del negozio."
"MOJI_LEG_SEQUENTIAL_DESC","T4 crates use the independent replacement pool below.","Les caisses T4 utilisent le groupe de remplacement indépendant ci-dessous.","T4箱子使用下方的独立替换池。","T4 宝箱は下の独立置換プールを使用します。","T4 상자는 아래의 독립 교체 풀을 사용합니다.","T4箱子使用下方的獨立替換池。","Ящики T4 используют отдельный пул замены ниже.","Skrzynki T4 używają niezależnej puli zamiany poniżej.","Las cajas T4 usan el grupo de reemplazo independiente de abajo.","As caixas T4 usam o grupo de substituição independente abaixo.","T4-Kisten verwenden den unabhängigen Ersatz-Pool unten.","T4 sandıkları aşağıdaki bağımsız değişim havuzunu kullanır.","Le casse T4 usano il gruppo di sostituzione indipendente qui sotto."
"MOJI_LEG_ONCE_DESC","The first %d T4 crates will be replaced with the following items.","Les %d premières caisses T4 seront remplacées par les objets suivants.","前 %d 个T4箱子将被替换为以下物品。","最初の %d 個のT4 宝箱が以下のアイテムに置き換えられます。","처음 %d개의 T4 상자가 다음 아이템으로 교체됩니다.","前 %d 個T4箱子將被替換為以下物品。","Первые ящики T4 (%d) будут заменены следующими предметами.","Pierwsze skrzynki T4 (%d) zostaną zastąpione następującymi przedmiotami.","Las primeras %d cajas T4 se reemplazarán por los siguientes objetos.","As primeiras %d caixas T4 serão substituídas pelos seguintes itens.","Die ersten %d T4-Kisten werden durch die folgenden Items ersetzt.","İlk %d T4 sandığı aşağıdaki eşyalarla değiştirilir.","Le prime %d casse T4 verranno sostituite dai seguenti oggetti."
"MOJI_SEARCH","Search...","Rechercher...","搜索...","検索...","검색...","搜尋...","Поиск...","Szukaj...","Buscar...","Pesquisar...","Suchen...","Ara...","Cerca..."
"MOJI_HINT","Click an item to add it to the highlighted pool, click again to remove it. Click a card to switch pools.\nWhen multiple items are selected, they will be replaced in a round-robin fashion (e.g., A-B-A-B).","Cliquez sur un objet pour l'ajouter au groupe en surbrillance, cliquez à nouveau pour le retirer. Cliquez sur une carte pour changer de groupe.\nSi plusieurs objets sont sélectionnés, ils sont utilisés à tour de rôle (A-B-A-B).","点击物品添加到高亮的替换池，再次点击以移除。点击卡片切换替换池。\n选择多件物品时，将按照 A-B-A-B 的方式轮流替换。","アイテムをクリックで強調表示中のプールに追加、再度クリックで削除。カードをクリックでプールを切り替え。\n複数選択時は A-B-A-B の順で交互に置き換えます。","아이템을 클릭하면 강조된 풀에 추가되고, 다시 클릭하면 제거됩니다. 카드를 클릭하면 풀이 전환됩니다.\n여러 아이템을 선택하면 A-B-A-B 순서로 번갈아 교체됩니다.","點擊物品加入高亮的替換池，再次點擊以移除。點擊卡片切換替換池。\n選擇多件物品時，將按照 A-B-A-B 的方式輪流替換。","Нажмите на предмет, чтобы добавить его в выделенный пул, нажмите ещё раз, чтобы убрать. Нажмите на карточку, чтобы сменить пул.\nЕсли выбрано несколько предметов, они используются по очереди (A-B-A-B).","Kliknij przedmiot, aby dodać go do podświetlonej puli, kliknij ponownie, aby go usunąć. Kliknij kartę, aby zmienić pulę.\nWybrane przedmioty są używane na zmianę (A-B-A-B).","Haz clic en un objeto para añadirlo al grupo resaltado; vuelve a hacer clic para quitarlo. Haz clic en una tarjeta para cambiar de grupo.\nSi seleccionas varios objetos, se alternarán (A-B-A-B).","Clique em um item para adicioná-lo ao grupo destacado; clique novamente para removê-lo. Clique em um cartão para trocar de grupo.\nCom vários itens selecionados, eles se alternam (A-B-A-B).","Klicke auf ein Item, um es zum hervorgehobenen Pool hinzuzufügen, erneut klicken zum Entfernen. Klicke auf eine Karte, um den Pool zu wechseln.\nMehrere Items werden abwechselnd verwendet (A-B-A-B).","Vurgulanan havuza eklemek için bir eşyaya tıklayın, kaldırmak için tekrar tıklayın. Havuz değiştirmek için bir karta tıklayın.\nBirden fazla eşya seçildiğinde sırayla değiştirilir (A-B-A-B).","Clicca su un oggetto per aggiungerlo al gruppo evidenziato, clicca di nuovo per rimuoverlo. Clicca su una scheda per cambiare gruppo.\nSe selezioni più oggetti, verranno alternati (A-B-A-B)."
"MOJI_IMPORT","Import settings","Importer les réglages","导入设置","設定をインポート","설정 가져오기","匯入設定","Импорт настроек","Importuj ustawienia","Importar ajustes","Importar configurações","Einstellungen importieren","Ayarları içe aktar","Importa impostazioni"
"MOJI_EXPORT","Export settings","Exporter les réglages","导出设置","設定をエクスポート","설정 내보내기","匯出設定","Экспорт настроек","Eksportuj ustawienia","Exportar ajustes","Exportar configurações","Einstellungen exportieren","Ayarları dışa aktar","Esporta impostazioni"
"MOJI_IMPORTED","Settings imported from the clipboard.","Réglages importés depuis le presse-papiers.","已从剪贴板导入设置。","クリップボードから設定をインポートしました。","클립보드에서 설정을 가져왔습니다.","已從剪貼簿匯入設定。","Настройки импортированы из буфера обмена.","Zaimportowano ustawienia ze schowka.","Ajustes importados desde el portapapeles.","Configurações importadas da área de transferência.","Einstellungen aus der Zwischenablage importiert.","Ayarlar panodan içe aktarıldı.","Impostazioni importate dagli appunti."
"MOJI_IMPORT_FAILED","The clipboard does not contain a valid share code; nothing was changed.","Le presse-papiers ne contient pas de code de partage valide ; rien n'a été modifié.","剪贴板中没有有效的分享码，设置未改变。","クリップボードに有効な共有コードがありません。設定は変更されていません。","클립보드에 유효한 공유 코드가 없습니다. 설정은 바뀌지 않았습니다.","剪貼簿中沒有有效的分享碼，設定未改變。","В буфере обмена нет корректного кода; настройки не изменены.","Schowek nie zawiera prawidłowego kodu; nic nie zmieniono.","El portapapeles no contiene un código válido; no se ha cambiado nada.","A área de transferência não contém um código válido; nada foi alterado.","Die Zwischenablage enthält keinen gültigen Code; nichts wurde geändert.","Panoda geçerli bir paylaşım kodu yok; hiçbir şey değişmedi.","Gli appunti non contengono un codice valido; nulla è stato modificato."
"MOJI_EXPORTED","Settings copied to the clipboard as a share code.","Réglages copiés dans le presse-papiers sous forme de code de partage.","设置已作为分享码复制到剪贴板。","設定を共有コードとしてクリップボードにコピーしました。","설정을 공유 코드로 클립보드에 복사했습니다.","設定已作為分享碼複製到剪貼簿。","Настройки скопированы в буфер обмена как код.","Ustawienia skopiowano do schowka jako kod udostępniania.","Ajustes copiados al portapapeles como código para compartir.","Configurações copiadas para a área de transferência como código de compartilhamento.","Einstellungen als Teilungscode in die Zwischenablage kopiert.","Ayarlar paylaşım kodu olarak panoya kopyalandı.","Impostazioni copiate negli appunti come codice di condivisione."
