key,zh,en
BE_BTN_OPEN,角色编辑器,
BE_TITLE,BroEditor 角色编辑器,
BE_IMPORT,导入,
BE_IMPORT_DESC,从剪贴板导入角色分享码：原版角色的档案导入到当前选中的原版角色，自定义角色导入为新的自定义角色,
BE_EXPORT,导出,
BE_EXPORT_DESC,把当前角色的档案复制为分享码（剪贴板）,
BE_IMPORTED,已导入分享码,
BE_IMPORT_FAILED,剪贴板里没有可识别的分享码（原版角色的档案只能导入到原版角色）,
BE_EXPORTED,分享码已复制到剪贴板,
BE_EXPORT_NOTHING,当前角色没有任何修改，无需导出,
BE_CHARACTERS,角色,
BE_CHARACTERS_DESC,紫框 = 自定义角色，绿框 = 已修改的原版角色。,
BE_SEARCH,搜索名称或 ID,
BE_NEW_CUSTOM,新建自定义角色,
BE_NEW_CUSTOM_DESC,以当前角色为基底（外观、效果、初始武器、偏好词条）新建一个自定义角色，可在选角界面直接选择,
BE_DELETE,删除,
BE_DELETE_CONFIRM,确认删除？,
BE_CUSTOM_CREATED,已新建自定义角色,
BE_CUSTOM_DELETED,已删除自定义角色,
BE_CUSTOM_IN_USE,存档中进行中的一局正在使用这个角色，结束那一局后才能删除,
BE_NEW_CHARACTER,自定义土豆,
BE_CUSTOM_TAG,自定义角色,
BE_MODIFIED_TAG,已修改,
BE_DISABLED_TAG,修改已停用,
BE_ORIGINAL_TAG,原版,
BE_BASE,基底：{0},
BE_PROFILE_ENABLED,应用修改,
BE_PROFILE_ENABLED_DESC,关闭后这个角色恢复原版（修改内容保留，随时可以重新打开）,
BE_RESET,重置,
BE_RESET_DESC,删除这个角色的全部修改，恢复原版,
BE_RESET_DONE,已恢复原版,
BE_TAB_OVERVIEW,概览,
BE_TAB_STATS,初始属性,
BE_TAB_EFFECTS,效果,
BE_TAB_GEAR,初始装备,
BE_TAB_BANS,禁用,
BE_SEC_BASIC,基本信息,
BE_NAME,名称,
BE_NAME_DESC,留空则使用原名。,
BE_DESCRIPTION,介绍,
BE_DESCRIPTION_DESC,显示在角色效果列表的第一行（不影响游戏）。,
BE_SEC_LOOK,外观,
BE_PICK_BASE,选择基底角色,
BE_PICK_ICON,选择图标,
BE_LOOK_DESC,基底角色决定战斗中的外观；图标可以取任意角色或道具的图标。,
BE_SEC_TAGS,偏好词条,
BE_TAGS_DESC,商店有更高几率刷出带这些词条的道具（原版角色的“偏好”）。点击切换。,
BE_SEC_PREVIEW,效果预览,
BE_PREVIEW_WEAPONS,可选初始武器：,
BE_PREVIEW_BANS,禁用：{0} 个道具、{1} 个武器系列,
BE_PREVIEW_DISABLED,（修改已停用，游戏中使用原版角色）,
BE_GRP_PRIMARY,基础属性,
BE_GRP_SECONDARY,次要属性,
BE_GRP_WORLD,商店、地图与敌人,
BE_GRP_RULES,规则开关（填 1 开启）,
BE_STATS_DESC,开局时额外获得的属性（在角色原有效果之外叠加，显示在角色效果列表中）。0 = 不修改。,
BE_STATS_CLEAR,全部清零,
BE_SEC_EFFECTS,角色效果,
BE_EFFECTS_DESC,角色的全部效果，从上到下显示。点“编辑”修改数值、属性或扳机；▲▼ 调整顺序。,
BE_EFFECTS_EMPTY,没有效果。从右侧蓝图或效果库添加。,
BE_EFFECTS_ORIGINAL,恢复原版效果,
BE_EFFECTS_ORIGINAL_DESC,把效果列表恢复为这个角色的原版效果,
BE_EFFECTS_CLEAR,清空,
BE_EDIT,编辑,
BE_EFFECT_ADDED,已添加效果,
BE_EFFECT_MISSING,（找不到来源效果：来源角色 / 道具不存在或未启用对应 DLC）,
BE_EFFECT_NO_TEXT,（无描述的效果：{0}）,
BE_SRC_PLAIN,属性,
BE_FIELD_TRIGGER,扳机,
BE_FIELD_KEY,属性 / 键,
BE_FIELD_VALUE,数值,
BE_FIELD_CHANCE,几率,
BE_FIELD_INTERVAL,间隔,
BE_FIELD_STAT,属性,
BE_FIELD_STAT_SCALED,按此属性,
BE_FIELD_NB_STAT_SCALED,每多少点,
BE_FIELD_STAT_NB,数量,
BE_FIELD_PERM_STATS_ONLY,只计永久属性,
BE_FIELD_STAT_DISPLAYED,显示属性,
BE_FIELD_STAT_NAME,属性名,
BE_FIELD_STAT_DISPLAYED_NAME,显示属性名,
BE_FIELD_DURATION,持续时间,
BE_FIELD_DURATION_SECS,持续秒数,
BE_FIELD_COOLDOWN,冷却,
BE_FIELD_MAX_STACKS,最大层数,
BE_FIELD_MAX_PROCS,最多触发次数,
BE_FIELD_HP_THRESHOLD,生命阈值,
BE_FIELD_RESET_ON_HIT,受击时重置,
BE_FIELD_TO_STAT,转换为属性,
BE_FIELD_TO_VALUE,转换数值,
BE_FIELD_PCT_CONVERTED,转换比例,
BE_FIELD_SCALING_STAT,缩放属性,
BE_FIELD_DAMAGE,伤害,
BE_FIELD_SCALE,缩放,
BE_FIELD_SPREAD,散布,
BE_FIELD_TRACKING_KEY,统计键,
BE_FIELD_SET_ID,套装,
BE_FIELD_WEAPON_TYPE,武器类型,
BE_FIELD_MIN_VALUE,最小值,
BE_FIELD_IS_SPAWNING,生成型,
BE_FIELD_AUTO_TARGET_ENEMY,自动瞄准敌人,
BE_FIELD_INVERT_SCALING,反向缩放,
BE_FIELD_SCALE_WITH_MISSING_HEALTH,随已损失生命缩放,
BE_FIELD_FOR_EVERY_HEALTH_PERCENT,每损失多少 % 生命,
BE_FIELD_SET_CAP_TO_CURRENT_STAT,上限设为当前值,
BE_FIELD_DOUBLE_CHANCE,翻倍几率,
BE_FIELD_HEALTH_BOOST,生命加成,
BE_SEC_BLUEPRINT,蓝图：扳机 + 属性 + 数值,
BE_BLUEPRINT_DESC,快速组合原版的条件 / 触发型属性效果，例如“升级时 +2 近战伤害”、“静止时 +20% 攻击速度”。数值为负即为惩罚。,
BE_ADD,添加,
BE_SEC_LIBRARY,效果库,
BE_LIBRARY_DESC,全部原版角色与道具的效果（已去重）。点 + 添加到角色，再点“编辑”修改数值。,
BE_LIBRARY_SEARCH,搜索效果文本、来源或键,
BE_LIBRARY_COUNT,显示 {0} / {1},
BE_CAT_ALL,全部,
BE_CAT_STAT,属性,
BE_CAT_TRIGGER,扳机 / 条件,
BE_CAT_SCALING,属性联动,
BE_CAT_COMBAT,战斗,
BE_CAT_ECONOMY,经济 / 商店,
BE_CAT_WEAPON,武器规则,
BE_CAT_SUMMON,召唤 / 建筑,
BE_CAT_START,初始装备,
BE_CAT_OTHER,其他,
BE_TRIG_NONE,永久（无扳机）,
BE_TRIG_LEVEL_UP,升级时,
BE_TRIG_WAVE_END,每波结束时,
BE_TRIG_NEXT_WAVE,下一波临时,
BE_TRIG_STILL,静止时,
BE_TRIG_MOVING,移动时,
BE_TRIG_LOW_HP,生命低于一半时,
BE_TRIG_HIT,受击时（本波）,
BE_TRIG_DODGE,闪避时（本波）,
BE_TRIG_INTERVAL,每隔一段时间（本波）,
BE_TRIG_DECAY_HIT,受击时（逐渐衰减）,
BE_TRIG_DECAY_CONSUMABLE,拾取消耗品时（逐渐衰减）,
BE_TRIG_CONSUMABLE_MAX,满血拾取消耗品时（永久）,
BE_TRIG_TEMP_CONSUMABLE_MAX,满血拾取消耗品时（本波）,
BE_TRIG_FRUIT,拾取水果时,
BE_TRIG_REROLL,刷新商店时,
BE_TRIG_STEPS,每走一定步数,
BE_TRIG_BURNING_KILL,击杀燃烧中的敌人时,
BE_SEC_START_WEAPONS,可选初始武器,
BE_START_WEAPONS_DESC,开局在武器选择界面可以选的武器（原版角色的初始武器列表）。,
BE_START_WEAPONS_EMPTY,没有可选武器：自定义角色会以拳头开局。,
BE_PICK_WEAPONS,选择武器,
BE_RESTORE_ORIGINAL,恢复原版,
BE_SEC_START_ITEMS,额外初始装备,
BE_START_ITEMS_DESC,开局直接获得的道具 / 武器（原版“初始拥有”效果）。勾选“诅咒”需要深渊恐惧 DLC。,
BE_ADD_ITEMS,添加道具,
BE_ADD_WEAPONS,添加武器,
BE_COUNT,数量,
BE_CURSED,诅咒,
BE_BANS_DESC,被禁用的道具 / 武器不会出现在商店和箱子里（武器按系列禁用，所有稀有度一起）。点击图标切换。,
BE_BANS_CLEAR,清空,
BE_BAN_ITEMS,禁用道具（{0}）,
BE_BAN_WEAPONS,禁用武器系列（{0}）,
BE_PICKER_START_WEAPONS,选择可选初始武器,
BE_PICKER_START_ITEMS,添加初始道具,
BE_PICKER_START_ITEMS_W,添加初始武器,
BE_PICKER_BASE,选择基底角色,
BE_PICKER_ICON,选择图标,
BE_PICKER_MULTI_DESC,点击图标选中 / 取消，确认后生效。,
BE_PICKER_SINGLE_DESC,点击图标即选中。,
BE_PICKER_CLEAR,清空选择,
BE_PICKER_COUNT,已选 {0},
BE_CANCEL,取消,
BE_CONFIRM,确认,
BE_K_XP_GAIN,经验获取 %,
BE_K_PICKUP_RANGE,拾取范围 %,
BE_K_KNOCKBACK,击退,
BE_K_CONSUMABLE_HEAL,消耗品回复,
BE_K_EXPLOSION_DAMAGE,爆炸伤害 %,
BE_K_EXPLOSION_SIZE,爆炸范围 %,
BE_K_PIERCING,穿透次数,
BE_K_PIERCING_DAMAGE,穿透伤害 %,
BE_K_BOUNCE,弹射次数,
BE_K_BOUNCE_DAMAGE,弹射伤害 %,
BE_K_PROJECTILES,额外投射物,
BE_K_DAMAGE_AGAINST_BOSSES,对首领伤害 %,
BE_K_BURNING_SPREAD,燃烧蔓延,
BE_K_BURNING_COOLDOWN_REDUCTION,燃烧速度 %,
BE_K_STRUCTURE_ATTACK_SPEED,建筑攻击速度 %,
BE_K_STRUCTURE_PERCENT_DAMAGE,建筑伤害 %,
BE_K_STRUCTURE_RANGE,建筑范围,
BE_K_ACCURACY,精准度,
BE_K_HARVESTING_GROWTH,收获成长 %,
BE_K_WEAPON_SLOT,武器栏位,
BE_K_ITEMS_PRICE,道具价格 %,
BE_K_WEAPONS_PRICE,武器价格 %,
BE_K_REROLL_PRICE,刷新价格 %,
BE_K_FREE_REROLLS,免费刷新次数,
BE_K_GOLD_DROPS,材料掉落 %,
BE_K_ENEMY_GOLD_DROPS,敌人材料掉落 %,
BE_K_NEUTRAL_GOLD_DROPS,树木材料掉落 %,
BE_K_CRATE_CHANCE,箱子掉率 %,
BE_K_LOOT_ALIEN_CHANCE,战利品异形几率 %,
BE_K_RECYCLING_GAINS,回收收益 %,
BE_K_MAP_SIZE,地图大小 %,
BE_K_NUMBER_OF_ENEMIES,敌人数量 %,
BE_K_ENEMY_HEALTH,敌人生命 %,
BE_K_ENEMY_DAMAGE,敌人伤害 %,
BE_K_ENEMY_SPEED,敌人速度 %,
BE_K_BOSS_STRENGTH,首领强度 %,
BE_K_TREES,树木,
BE_K_TREES_START_WAVE,每波开始时的树木,
BE_K_HP_START_WAVE,开局生命 %,
BE_K_HP_START_NEXT_WAVE,下一波开局生命 %,
BE_K_DODGE_CAP,闪避上限,
BE_K_SPEED_CAP,速度上限,
BE_K_HP_CAP,生命上限,
BE_K_CRIT_CHANCE_CAP,暴击率上限,
BE_K_NO_MELEE_WEAPONS,禁止近战武器,
BE_K_NO_RANGED_WEAPONS,禁止远程武器,
BE_K_NO_DUPLICATE_WEAPONS,禁止重复武器,
BE_K_MIN_WEAPON_TIER,最低武器稀有度,
BE_K_MAX_WEAPON_TIER,最高武器稀有度,
BE_K_MAX_MELEE_WEAPONS,近战武器上限,
BE_K_MAX_RANGED_WEAPONS,远程武器上限,
BE_K_CAN_ATTACK_WHILE_MOVING,移动时可攻击,
BE_K_ONE_SHOT_TREES,一击砍倒树木,
BE_K_DOUBLE_BOSS,双首领,
BE_K_STRUCTURES_CAN_CRIT,建筑可暴击,
BE_K_INSTANT_GOLD_ATTRACTING,材料立即吸取,
BE_K_HP_SHOP,用生命购买,
BE_K_NO_HEAL,无法回复生命,
BE_K_PACIFIST,和平主义者,
BE_K_TORTURE,折磨,
BE_K_CONSUMABLE,消耗品,
BE_K_ECONOMY,经济,
BE_K_EXPLORATION,探索,
BE_K_EXPLOSIVE,爆炸,
BE_K_LESS_ENEMIES,更少敌人,
BE_K_LESS_ENEMY_SPEED,敌人更慢,
BE_K_LOCK,锁定,
BE_K_MORE_ENEMIES,更多敌人,
BE_K_PET,宠物,
BE_K_PICKUP,拾取,
BE_K_STAND_STILL,静止,
BE_K_STRUCTURE,建筑,
BE_K_STRUCTURE_REAL,建筑（实体）,
