key,en,fr,zh,ja,ko,zh_TW,ru,pl,es,pt,de,tr,it
"AA_BTN_OPEN","Auto-Anthony","","东尼算法","","","东尼算法","","","","","","",""
"AA_TITLE","Auto-Anthonyology","","东尼算法","","","东尼算法","","","","","","",""
"AA_SEP",": ","","：","","","：","","","","","","",""
"AA_CHANCE"," ({0} chance)","","（{0}几率）","","","（{0}几率）","","","","","","",""
"AA_CAP"," (max {0} per wave)","","（每波最多 {0} 次）","","","（每波最多 {0} 次）","","","","","","",""
"AA_NAME_FMT","{0} {1}","","{0}{1}","","","{0}{1}","","","","","","",""
"AA_T_KILL","When you kill an enemy","","击杀敌人时","","","击杀敌人时","","","","","","",""
"AA_T_KILL_EVERY","Every {0} enemies killed","","每击杀 {0} 个敌人","","","每击杀 {0} 个敌人","","","","","","",""
"AA_T_HIT","When you take damage","","受到伤害时","","","受到伤害时","","","","","","",""
"AA_T_DODGE","When you dodge","","闪避时","","","闪避时","","","","","","",""
"AA_T_CONSUMABLE","When you pick up a consumable","","拾取消耗品时","","","拾取消耗品时","","","","","","",""
"AA_T_GOLD","When you pick up a material","","拾取材料时","","","拾取材料时","","","","","","",""
"AA_T_GOLD_EVERY","Every {0} materials picked up","","每拾取 {0} 个材料","","","每拾取 {0} 个材料","","","","","","",""
"AA_T_HEAL","When you heal","","恢复生命时","","","恢复生命时","","","","","","",""
"AA_T_LEVEL_UP","When you level up","","升级时","","","升级时","","","","","","",""
"AA_T_WAVE_START","At the start of each wave","","每波开始时","","","每波开始时","","","","","","",""
"AA_T_WAVE_END","At the end of each wave","","每波结束时","","","每波结束时","","","","","","",""
"AA_T_INTERVAL","Every {0} seconds","","每 {0} 秒","","","每 {0} 秒","","","","","","",""
"AA_T_STILL","While standing still","","静止时","","","静止时","","","","","","",""
"AA_T_MOVING","While moving","","移动时","","","移动时","","","","","","",""
"AA_T_LOW_HP","While below 50% HP","","生命值低于 50% 时","","","生命值低于 50% 时","","","","","","",""
"AA_T_FULL_HP","While at full HP","","生命值全满时","","","生命值全满时","","","","","","",""
"AA_T_REROLL","When you reroll the shop","","刷新商店时","","","刷新商店时","","","","","","",""
"AA_T_BUY","When you buy an item","","购买道具时","","","购买道具时","","","","","","",""
"AA_P_TEMP_STAT","{0} {1} until end of wave","","本波 {0}{1}","","","本波 {0}{1}","","","","","","",""
"AA_P_STATE_STAT","{0} {1}","","{0}{1}","","","{0}{1}","","","","","","",""
"AA_P_PERM_STAT","{0} {1} permanently","","永久 {0}{1}","","","永久 {0}{1}","","","","","","",""
"AA_P_TIMED_STAT","{0} {1} for {2}s","","{0}{1}，持续 {2} 秒","","","{0}{1}，持续 {2} 秒","","","","","","",""
"AA_P_HEAL","heal {0} HP","","回复 {0} 点生命","","","回复 {0} 点生命","","","","","","",""
"AA_P_GOLD","gain {0} Materials","","获得 {0} 材料","","","获得 {0} 材料","","","","","","",""
"AA_P_XP","gain {0} XP","","获得 {0} 经验","","","获得 {0} 经验","","","","","","",""
"AA_P_DAMAGE","deal damage equal to {0} of {1} to a random enemy","","对随机敌人造成相当于 {0} {1} 的伤害","","","对随机敌人造成相当于 {0} {1} 的伤害","","","","","","",""
"AA_P_EXPLODE","cause an explosion dealing {0} of {1} as damage","","引发爆炸，造成相当于 {0} {1} 的伤害","","","引发爆炸，造成相当于 {0} {1} 的伤害","","","","","","",""
"AA_ADJ_STURDY","Sturdy","","结实的","","","结实的","","","","","","",""
"AA_ADJ_VITAL","Vital","","生机","","","生机","","","","","","",""
"AA_ADJ_THIRSTY","Thirsty","","嗜血","","","嗜血","","","","","","",""
"AA_ADJ_SHARP","Sharp","","锋利的","","","锋利的","","","","","","",""
"AA_ADJ_BRUTAL","Brutal","","蛮力","","","蛮力","","","","","","",""
"AA_ADJ_AIMED","Aimed","","精准","","","精准","","","","","","",""
"AA_ADJ_ARCANE","Arcane","","奥术","","","奥术","","","","","","",""
"AA_ADJ_HASTY","Hasty","","急速","","","急速","","","","","","",""
"AA_ADJ_DEADLY","Deadly","","致命","","","致命","","","","","","",""
"AA_ADJ_CLEVER","Clever","","精巧的","","","精巧的","","","","","","",""
"AA_ADJ_FARSIGHTED","Farsighted","","远视的","","","远视的","","","","","","",""
"AA_ADJ_ARMORED","Armored","","铁甲","","","铁甲","","","","","","",""
"AA_ADJ_ELUSIVE","Elusive","","灵巧的","","","灵巧的","","","","","","",""
"AA_ADJ_SWIFT","Swift","","迅捷","","","迅捷","","","","","","",""
"AA_ADJ_LUCKY","Lucky","","幸运","","","幸运","","","","","","",""
"AA_ADJ_FERTILE","Fertile","","丰收","","","丰收","","","","","","",""
"AA_ADJ_ODD","Odd","","古怪的","","","古怪的","","","","","","",""
"AA_ADJ_HUNTING","Hunting","","猎杀","","","猎杀","","","","","","",""
"AA_ADJ_VENGEFUL","Vengeful","","复仇","","","复仇","","","","","","",""
"AA_ADJ_NIMBLE","Nimble","","轻盈","","","轻盈","","","","","","",""
"AA_ADJ_HUNGRY","Hungry","","贪吃的","","","贪吃的","","","","","","",""
"AA_ADJ_GREEDY","Greedy","","贪婪的","","","贪婪的","","","","","","",""
"AA_ADJ_BLESSED","Blessed","","受祝福的","","","受祝福的","","","","","","",""
"AA_ADJ_GROWING","Growing","","成长","","","成长","","","","","","",""
"AA_ADJ_EAGER","Eager","","急切的","","","急切的","","","","","","",""
"AA_ADJ_PATIENT","Patient","","耐心的","","","耐心的","","","","","","",""
"AA_ADJ_TICKING","Ticking","","滴答","","","滴答","","","","","","",""
"AA_ADJ_ROOTED","Rooted","","扎根","","","扎根","","","","","","",""
"AA_ADJ_RESTLESS","Restless","","躁动","","","躁动","","","","","","",""
"AA_ADJ_DESPERATE","Desperate","","绝境","","","绝境","","","","","","",""
"AA_ADJ_PROUD","Proud","","骄傲的","","","骄傲的","","","","","","",""
"AA_ADJ_FICKLE","Fickle","","善变的","","","善变的","","","","","","",""
"AA_ADJ_THRIFTY","Thrifty","","精打细算的","","","精打细算的","","","","","","",""
"AA_UI_ENABLE","Enable","","启用","","","启用","","","","","","",""
"AA_UI_ITEMS","Items","","重组道具","","","重组道具","","","","","","",""
"AA_UI_CHARACTERS","Character","","重组角色","","","重组角色","","","","","","",""
"AA_UI_WEAPONS","Weapons","","重组武器","","","重组武器","","","","","","",""
"AA_UI_TRIGGERS","Triggers","","触发效果","","","触发效果","","","","","","",""
"AA_UI_NATIVE","Keep original items","","保留原版道具","","","保留原版道具","","","","","","",""
"AA_UI_SEED","Seed","","种子","","","种子","","","","","","",""
"AA_UI_FIXED_SEED","Fixed seed","","固定种子","","","固定种子","","","","","","",""
"AA_UI_RANDOM","Random","","随机","","","随机","","","","","","",""
"AA_UI_PREVIEW","Preview items","","预览道具","","","预览道具","","","","","","",""
"AA_UI_CHAR_EFFECTS","Character effects on items","","道具含角色效果","","","道具含角色效果","","","","","","",""
"AA_UI_RENAME","Rename items","","重组名称","","","重组名称","","","","","","",""
"AA_UI_AVG","Average value","","平均数值","","","平均数值","","","","","","",""
"AA_UI_VARIANCE","Variance","","浮动范围","","","浮动范围","","","","","","",""
